Date,kospi_close,usdkrw_close,kospi_return,usdkrw_return,forward_return_1d,forward_return_5d,forward_return_20d,is_fx_spike,fx_spike_threshold
2010-01-05,1690.6199951171875,1141.300048828125,-0.003254459822642719,0.00785943502488684,0.008695006100916336,0.004743833359603711,-0.056079980597216084,True,0.007452505141434228
2010-01-21,1722.010009765625,1142.0999755859375,0.004450591386437663,0.008744060096289141,-0.02186981142160327,-0.04621341084162378,-0.0743956101445653,True,0.007452505141434228
2010-01-22,1684.3499755859375,1154.199951171875,-0.02186981142160327,0.010594497718756868,-0.008400881419634909,-0.04863592665562411,-0.03398937324773277,True,0.007452505141434228
2010-01-26,1637.3399658203125,1159.5999755859375,-0.01967428230883772,0.025468628859415476,-0.007243447053844165,-0.025364254274313658,-0.014969407867196027,True,0.007452505141434228
2010-02-05,1567.1199951171875,1162.9000244140625,-0.03049952827100244,0.013862270631266327,-0.009144134526607117,0.016935550018628565,0.059797565744474035,True,0.007452505141434228
2010-02-08,1552.7900390625,1173.4000244140625,-0.009144134526607117,0.009029151070222508,0.011398805200065087,0.03107954620494735,0.0704859951561485,True,0.007452505141434228
2010-04-05,1724.989990234375,1132.199951171875,0.000870327073843935,0.025822235445185582,0.0006376707065922638,-0.008515957477674418,-0.002191334047313198,True,0.007452505141434228
2010-04-27,1749.550048828125,1114.4000244140625,-0.0015123287396382468,0.015213695896004076,-0.008939449693887491,-0.017604554295977626,-0.08119233223609246,True,0.007452505141434228
2010-05-06,1684.7099609375,1144.9000244140625,-0.019805113636363614,0.02186718981268565,-0.022086864683101615,0.005858572303861109,-0.02774364212126179,True,0.007452505141434228
2010-05-14,1695.6300048828125,1132.4000244140625,0.0006196513917051671,0.021192171956545325,-0.026019824484196152,-0.05349041412966937,-0.003302592882770128,True,0.007452505141434228
2010-05-18,1643.239990234375,1162.0999755859375,-0.005007550352312817,0.035462821907003006,-0.00800858928573811,-0.03719480750250603,0.0393612948171449,True,0.007452505141434228
2010-05-20,1600.1800537109375,1182.5999755859375,-0.018342598614682237,0.05513911854521125,0.0029684159535574572,0.014123395385117199,0.08717768958342464,True,0.007452505141434228
2010-05-24,1604.9300537109375,1193.5,0.0029684159535574572,0.009217000371289474,-0.027477893852309143,0.022630236255519742,0.07885074272564241,True,0.007452505141434228
2010-05-25,1560.8299560546875,1243.5999755859375,-0.027477893852309143,0.041977357005393845,0.01364020403370203,0.04457248407458003,0.10570657591133137,True,0.007452505141434228
2010-05-26,1582.1199951171875,1257.4000244140625,0.01364020403370203,0.011096855177745502,0.016041769879112433,0.05038806850881117,0.09970798705967643,True,0.007452505141434228
2010-06-01,1630.4000244140625,1218.5,-0.006610800052361032,0.015416666666666634,0.01928357515668533,0.01031645365382472,0.04164009668292046,True,0.007452505141434228
2010-06-07,1637.969970703125,1237.800048828125,-0.01571994621990469,0.028500248299231368,0.00824802041995043,0.03213123917053262,0.02283315633558769,True,0.007452505141434228
2010-06-09,1647.219970703125,1252.4000244140625,-0.00257951038826143,0.013842770913965019,0.002719722045888995,0.035277610996154785,0.017259415388706012,True,0.007452505141434228
2010-06-24,1739.8699951171875,1190.300048828125,0.008141086130297737,0.010355719798839313,-0.005764815374150634,-0.03082414492652963,-0.002494419601747455,True,0.007452505141434228
2010-06-25,1729.8399658203125,1210.300048828125,-0.005764815374150634,0.016802486078775214,0.0012660497617327238,-0.03354068623552475,0.01631370145853639,True,0.007452505141434228
2010-06-29,1707.760009765625,1216.5999755859375,-0.01401247040797704,0.007953583749741089,-0.005545258495908145,-0.013362573329320893,0.03545583014116538,True,0.007452505141434228
2010-06-30,1698.2900390625,1227.199951171875,-0.005545258495908145,0.008712786288551655,-0.007095400992151446,-0.013331064852111663,0.044268016599877225,True,0.007452505141434228
2010-07-13,1735.0799560546875,1211.9000244140625,0.0005939316614642642,0.008655867177746579,0.013215560257566983,0.0009740550979595586,0.026540591785081835,True,0.007452505141434228
2010-07-15,1751.2900390625,1198.199951171875,-0.003822487167761235,0.018444497383659053,-0.007331788341295331,-0.008999086053193994,-0.016867588122817967,True,0.007452505141434228
2010-07-19,1731.949951171875,1215.4000244140625,-0.003738962974239479,0.011484727953157359,0.0027830298191431346,0.02143248717555113,0.006559143013450619,True,0.007452505141434228
2010-08-12,1721.75,1186.300048828125,-0.020725827482043435,0.02293705163078652,0.014223894429722606,0.03362277604091046,0.03636415585977204,True,0.007452505141434228
2010-08-25,1734.7900390625,1195.4000244140625,-0.014620591416242501,0.009884323498200898,-0.002899503215728183,0.017235458856974084,0.07265427755182463,True,0.007452505141434228
2010-10-13,1876.1500244140625,1124.0,0.004341440858854684,0.02163247580839678,0.01258427366912529,-0.003043510877865807,0.048876662302373086,True,0.007452505141434228
2010-10-20,1870.43994140625,1133.800048828125,0.007063939168586053,0.01259274651346809,0.0022721927103441786,0.020904225145477406,0.01425870104402338,True,0.007452505141434228
2010-10-22,1897.31005859375,1132.5999755859375,0.012066057798620244,0.008009968134172096,0.009697888998378978,-0.007568666679877545,0.023006204044531575,True,0.007452505141434228
2010-10-28,1907.8699951171875,1132.4000244140625,-0.0008745791715016882,0.008280695423640294,-0.013061709660034726,0.018151134496292354,0.010383337776918689,True,0.007452505141434228
2010-11-09,1947.4599609375,1119.699951171875,0.002599825304107517,0.013119797901389063,0.010470055897129571,-0.024816918973482593,0.007733180088847602,True,0.007452505141434228
2010-11-12,1913.1199951171875,1114.0,-0.0008408419818904944,0.007597706765153145,0.0003607005720098755,0.014552127358120615,0.03816802904032013,True,0.007452505141434228
2010-11-15,1913.81005859375,1126.5999755859375,0.0003607005720098755,0.011310570543929588,-0.007670590738625527,0.01595242280678355,0.04325398273190628,True,0.007452505141434228
2010-11-16,1899.1300048828125,1138.0999755859375,-0.007670590738625527,0.01020770481911204,-0.0010636552137327504,0.015696627638336347,0.05787915712073399,True,0.007452505141434228
2010-11-18,1927.8599853515625,1144.0,0.01620886518833098,0.010689968482155532,0.006795086617013224,-9.333231769537154e-05,0.04221261165290069,True,0.007452505141434228
2010-11-24,1925.97998046875,1163.4000244140625,-0.0015345013465489776,0.03138300036707675,0.0008827055625852953,0.0017341643496728842,0.05821971464912212,True,0.007452505141434228
2010-11-29,1895.5400390625,1154.9000244140625,-0.0032916235171422947,0.012182317628451012,0.004795449124255002,0.030650882803126,0.06681468063654772,True,0.007452505141434228
2010-12-13,1996.5899658203125,1145.9000244140625,0.005261437307945593,0.008359732308962586,0.006240681973322948,0.011865262213130112,0.04594338552702015,True,0.007452505141434228
2010-12-16,2009.239990234375,1162.0,-0.00408429838915203,0.018137168392421854,0.008490801833861639,0.014079970137962361,0.04923748886218671,True,0.007452505141434228
2010-12-21,2037.0899658203125,1154.5999755859375,0.008320597283381526,0.010148710048939247,0.0005007238503771383,-0.0018506887739402345,0.03858444001234185,True,0.007452505141434228
2010-12-28,2033.3199462890625,1144.0999755859375,0.005503936427985856,0.016525966757829913,0.0050016938868244765,0.024211685243589187,0.037937961897842376,True,0.007452505141434228
2011-01-18,2096.47998046875,1115.4000244140625,-0.001604932271718651,0.021990103961088803,0.009162959396924464,-0.004679299914686852,-0.03975233085778318,True,0.007452505141434228
2011-01-24,2082.159912109375,1114.0999755859375,0.00591326751582133,0.012634089284640382,0.0021660246839811936,-0.005969729591053685,-0.06353013832283116,True,0.007452505141434228
2011-02-11,1977.18994140625,1122.800048828125,-0.01558877699464778,0.01702902973562037,0.018915746854074156,0.018182407511449616,-0.003014359325164806,True,0.007452505141434228
2011-02-22,1969.9200439453125,1117.4000244140625,-0.01764324740503953,0.009303630254958284,-0.004208312458152785,-0.021158246416672633,0.021452652302063724,True,0.007452505141434228
2011-02-23,1961.6300048828125,1126.5,-0.004208312458152785,0.008143883467972346,-0.00598991653408254,0.004603329513923615,0.038309989257404364,True,0.007452505141434228
2011-03-11,1955.5400390625,1125.0,-0.01314098727766344,0.008245161112456767,0.00802332915350168,0.013085881807145539,0.08817509649318622,True,0.007452505141434228
2011-03-16,1957.969970703125,1136.199951171875,0.017698202617603354,0.008968986595246253,0.0005414069723292947,0.027686881729011015,0.08373466070728308,True,0.007452505141434228
2011-05-06,2147.449951171875,1083.699951171875,-0.015220276176370562,0.009313588949208418,-0.003855749603084546,-0.02014948916860082,-0.022231014142296113,True,0.007452505141434228
2011-05-09,2139.169921875,1095.5,-0.003855749603084546,0.010888667859922707,0.012836736650368996,-0.01718424019977083,-0.026094151590268955,True,0.007452505141434228
2011-05-19,2095.510009765625,1087.800048828125,-0.018854947128851718,0.02361917644634426,0.007630595969409626,-0.0017180054685840274,-0.030341041444988726,True,0.007452505141434228
2011-05-24,2061.760009765625,1095.199951171875,0.002943045927240595,0.007543653331991695,-0.012557239700939138,0.03914614725051102,0.001037896053851739,True,0.007452505141434228
2011-05-26,2091.909912109375,1102.199951171875,0.02752627482432235,0.008324925248543336,0.00398204438765748,0.01065535324129896,-0.0005257652393434453,True,0.007452505141434228
2011-06-02,2114.199951171875,1082.800048828125,-0.012674370069578722,0.00875724259387245,-0.0003452750381275349,-0.031941116633330546,0.0054583479940502055,True,0.007452505141434228
2011-06-14,2076.830078125,1081.199951171875,0.013710909156125606,0.009241017355109182,0.0046705559949480335,-0.01379995241395715,0.015841403054722925,True,0.007452505141434228
2011-07-13,2129.639892578125,1067.800048828125,0.009437184992247882,0.01107856596218193,0.00020199461080205872,0.011884665892086588,-0.15185661363257275,True,0.007452505141434228
2011-07-26,2168.699951171875,1052.0999755859375,0.00847251351726297,0.019180398935648046,0.002586852745048329,-0.021870213818650175,-0.19086085267412622,True,0.007452505141434228
2011-08-03,2066.260009765625,1056.4000244140625,-0.02593258249026731,0.009170782516378928,-0.023128763484088766,-0.12584090012986504,-0.08980479596795665,True,0.007452505141434228
2011-08-05,1943.75,1067.4000244140625,-0.037018123523084534,0.0099347145022739,-0.03822510550643088,-0.07739675442122185,-0.08124503868569133,True,0.007452505141434228
2011-08-09,1801.3499755859375,1087.699951171875,-0.03642781425801134,0.029531425624112595,0.0027146388623604523,0.050695350485499446,0.017825511858748033,True,0.007452505141434228
2011-08-17,1892.6700439453125,1069.199951171875,0.006809007464011918,0.020423650836515872,-0.016954929885048764,-0.07285475621572302,-0.027775611775305298,True,0.007452505141434228
2011-08-22,1710.699951171875,1089.199951171875,-0.019588770354000973,0.01245575547086708,0.03856906788000103,0.06944528685275508,0.08393060280772424,True,0.007452505141434228
2011-09-09,1812.9300537109375,1078.5,-0.01825475494416695,0.009925999947189457,-0.03517511301702858,0.013811849464866244,0.0056096603695123815,True,0.007452505141434228
2011-09-15,1774.0799560546875,1104.300048828125,0.014246793539784308,0.026491911792572598,0.037213666332192474,0.014920462115080468,0.051350615481189577,True,0.007452505141434228
2011-09-20,1837.969970703125,1141.699951171875,0.00935232893168525,0.02165543729026842,0.008873952705283017,-0.05563747579972966,-0.017889304725818844,True,0.007452505141434228
2011-09-22,1800.550048828125,1164.0,-0.02897619540729446,0.020783960499020537,-0.057265893546798896,-0.01736136675899147,0.05430001655581318,True,0.007452505141434228
2011-09-23,1697.43994140625,1176.0999755859375,-0.057265893546798896,0.010395168029155855,-0.02635143628804526,0.04254058199431188,0.11264615515610155,True,0.007452505141434228
2011-09-27,1735.7099609375,1180.5999755859375,0.05022054804638443,0.01635674965507472,-0.00727079719607715,-0.014628028426318274,0.10735092977421101,True,0.007452505141434228
2011-09-29,1769.2900390625,1179.699951171875,0.026812339551982145,0.011315860413094736,0.00020346316523278674,-0.0016108707975093228,0.07898082685664098,True,0.007452505141434228
2011-10-06,1710.3199462890625,1184.9000244140625,0.02628226858632776,0.028112819448210313,0.028912761819495314,0.06594089576139095,0.09333926964648565,True,0.007452505141434228
2011-10-24,1898.3199462890625,1148.4000244140625,0.03260476139157675,0.009759935909063655,-0.005093936822348266,0.005641874557947402,-0.0412416869691713,True,0.007452505141434228
2011-11-01,1909.6300048828125,1116.9000244140625,0.000314282948266964,0.011684804722882802,-0.006084945820643672,-0.0033985589971776697,-0.027811662581632812,True,0.007452505141434228
2011-11-08,1903.1400146484375,1115.699951171875,-0.008316378062913077,0.008405573529101762,0.0023067218463421746,-0.008943125256285489,-0.0001681790918752757,True,0.007452505141434228
2011-11-10,1813.25,1123.5,-0.04942518746697111,0.008618345790042836,0.027685068893905873,0.034975896288604647,0.054675314848166234,True,0.007452505141434228
2011-11-17,1876.6700439453125,1139.0,0.011098772272799762,0.008410801239486565,-0.019982202050374265,-0.043486592443280125,-0.030671379222711903,True,0.007452505141434228
2011-11-22,1826.280029296875,1146.199951171875,0.0034340092742395356,0.007736879346688763,-0.023643720031019555,0.016558243943573858,-0.01818996548733809,True,0.007452505141434228
2011-11-24,1795.06005859375,1159.5999755859375,0.006707466306751675,0.012927957832428838,-0.010395214405419795,0.06747406279658019,0.029207898303803104,True,0.007452505141434228
2011-11-30,1847.510009765625,1140.300048828125,-0.004853171347917851,0.010904298606493779,0.03716896990129115,0.038922676358765784,-0.012119022105475885,True,0.007452505141434228
2011-12-12,1899.760009765625,1145.5999755859375,0.013340450601746934,0.01272986654494157,-0.018791821592391234,-0.06465551197166275,-0.024497851740884702,True,0.007452505141434228
2011-12-14,1857.75,1163.300048828125,-0.003385115498108049,0.02538567547653159,-0.020799361942369754,-0.0050275687365428645,0.003671078610718581,True,0.007452505141434228
2011-12-20,1793.06005859375,1175.800048828125,0.009077456284295904,0.01668832583495461,0.03086900258619729,0.027305254334814677,0.05539689291422256,True,0.007452505141434228
2012-01-09,1826.489990234375,1163.5999755859375,-0.009033510358266716,0.008843376934257297,0.014634616456518312,0.017947007359546907,0.09703857737081356,True,0.007452505141434228
2012-03-06,2000.3599853515625,1117.5,-0.007787502745894681,0.019896002372555843,-0.00910334193387674,0.012337806140728214,0.024455620140149348,True,0.007452505141434228
2012-03-15,2043.760009765625,1131.800048828125,-0.00064542527305822,0.008644571297777848,-0.0045602557613619865,-0.008631157554775948,-0.017051892306051197,True,0.007452505141434228
2012-03-27,2039.760009765625,1132.0999755859375,0.010187287455012406,0.021843082081953735,-0.00393184467430141,0.004667225303796263,-0.038131951270979236,True,0.007452505141434228
2012-04-12,1986.6300048828125,1142.5999755859375,-0.0039009176465936157,0.015463939894363454,0.0112149868078677,0.006659509036022193,-0.03498386706592593,True,0.007452505141434228
2012-04-17,1985.300048828125,1134.800048828125,-0.00367853341399349,0.01330478086368303,0.009686183446225627,-0.011021006570632874,-0.0729209771675089,True,0.007452505141434228
2012-05-08,1967.010009765625,1137.5,0.005402705258499951,0.015352986184252071,-0.008500196043800146,-0.034595679986515915,-0.06052844571336791,True,0.007452505141434228
2012-05-17,1845.239990234375,1165.4000244140625,0.002559024228091067,0.00900435014204537,-0.0340226906142983,-0.016675348298375914,0.025183700195670733,True,0.007452505141434228
2012-05-24,1814.469970703125,1179.9000244140625,0.003234496799621178,0.012355233302498991,0.0053459541347100625,0.01104456915025942,0.006012794014695011,True,0.007452505141434228
2012-06-12,1854.739990234375,1170.199951171875,-0.006587994135520137,0.03183138732305002,0.0024693251230911706,0.01996507838934103,-0.013635355465271504,True,0.007452505141434228
2012-06-19,1891.77001953125,1156.4000244140625,3.174830972518805e-05,0.02245802335460878,0.006528264777659221,-0.03909564068248961,-0.036901979560415965,True,0.007452505141434228
2012-07-03,1867.8199462890625,1142.5999755859375,0.00873270956271388,0.025029178824966802,0.0035495952894093463,-0.02054266268727889,0.0075864078726994855,True,0.007452505141434228
2012-07-10,1829.449951171875,1142.0,-0.0036381158704303918,0.01393940379227554,-0.0016725991992715405,-0.004094121421347019,0.03134827362700676,True,0.007452505141434228
2012-07-13,1812.8900146484375,1153.300048828125,0.015402797021587977,0.011844182682637872,0.0027028801386015378,0.00553814019679888,0.07364484810818261,True,0.007452505141434228
2012-07-17,1821.9599609375,1145.199951171875,0.002293951328477206,0.02268253369905726,-0.014846608782716486,-0.015384480354957764,0.0740960300414808,True,0.007452505141434228
2012-07-31,1881.989990234375,1136.5999755859375,0.020718167666909704,0.01918940580258721,-0.0010945523271252977,0.0025558364384026255,0.02473448268570655,True,0.007452505141434228
2012-08-07,1886.800048828125,1127.199951171875,0.000487859218471165,0.026780744248584787,0.008707828712867238,0.03718460371725696,-0.006768083104079503,True,0.007452505141434228
2012-08-14,1956.9599609375,1127.9000244140625,0.012688632130738675,0.019893299135838483,0.00048548425167194154,-0.011124407226410948,-0.003541171908956753,True,0.007452505141434228
2012-08-28,1916.3299560546875,1134.199951171875,-0.0008029945024536911,0.019780615865717,0.006371597422059061,-0.004800817908631849,0.0391790974658528,True,0.007452505141434228
2012-09-11,1920.0,1127.9000244140625,-0.0024419136962171573,0.027605730231498704,0.015640640258788974,0.04424997965494781,0.00681769053141279,True,0.007452505141434228
2012-10-09,1979.0400390625,1110.199951171875,-0.001438008953510539,0.025399465447684788,-0.015573241445875352,-0.018948580756235844,-0.02570437894792943,True,0.007452505141434228
2012-10-30,1899.5799560546875,1096.9000244140625,0.004261089726893319,0.025236002788939782,0.006569927472272807,0.015050742033520415,0.013487189647125364,True,0.007452505141434228
2012-11-13,1889.699951171875,1088.9000244140625,-0.005876279795044015,0.03008234751921046,0.002296707415340382,0.000254062841439362,0.04537227731905502,True,0.007452505141434228
2012-11-27,1925.199951171875,1084.699951171875,0.00874501119766169,0.025139378319338324,-0.006451237372741447,0.011344321859831252,0.03732084951098957,True,0.007452505141434228
2012-12-05,1947.0400390625,1082.5999755859375,0.0036185294278283653,0.025480747994922393,0.001325065742320275,0.014586193285180071,0.026142196011674335,True,0.007452505141434228
2012-12-18,1993.0899658203125,1071.300048828125,0.0050527816983967355,0.02448130329121745,0.003216128870052959,-0.0028799453776852113,-0.003125789891870623,True,0.007452505141434228
2013-01-08,1997.93994140625,1062.199951171875,-0.006617804148539519,0.028167627793653782,-0.0030681016408258266,-0.007107296309357691,-0.029910752799331197,True,0.007452505141434228
2013-01-15,1983.739990234375,1055.300048828125,-0.011609159944317105,0.03137220117096584,-0.0031707981355746373,0.006442391321336949,-0.0038664562811008274,True,0.007452505141434228
2013-01-22,1996.52001953125,1063.4000244140625,0.004861960203994098,0.02387834528316235,-0.008069032713904245,-0.020315377855951944,0.014084504458808045,True,0.007452505141434228
2013-01-29,1955.9599609375,1090.9000244140625,0.008377541141329159,0.015641047584011192,0.004330401921610827,-0.009090118193442187,0.024581320213709734,True,0.007452505141434228
2013-02-05,1938.1800537109375,1088.5,-0.0076949777684670595,0.018241347053320922,-0.0010267943377485489,0.019549211904012376,0.034166057264048755,True,0.007452505141434228
2013-02-19,1985.8299560546875,1082.800048828125,0.0019778505620324793,0.028300141337250784,0.01954349539114375,0.007140618292972745,-0.01330422164014955,True,0.007452505141434228
2013-02-26,2000.010009765625,1084.9000244140625,-0.004732478240173643,0.023008038108498274,0.0020150045635758396,0.01036493835907315,-0.0032850177385587154,True,0.007452505141434228
2013-03-05,2016.6099853515625,1089.9000244140625,0.001718680125941896,0.027916603058400602,0.002047993867337894,-0.011539176985277733,-0.015104537396302686,True,0.007452505141434228
2013-03-12,1993.3399658203125,1093.0,-0.004996635579211373,0.015610527402302399,0.003205682301065993,-0.007414644506201995,-0.03642127124866057,True,0.007452505141434228
2013-03-15,1986.5,1106.699951171875,-0.007806688299308195,0.008198961829589013,-0.009222223150799125,-0.01902342766800902,-0.031346599310974055,True,0.007452505141434228
2013-03-18,1968.1800537109375,1125.800048828125,-0.009222223150799125,0.017258605312149067,0.005273910211233579,0.004821708367830357,-0.02425088215332183,True,0.007452505141434228
2013-03-26,1983.699951171875,1110.199951171875,0.0030489955819592574,0.018625494360114292,0.0049100118335039244,0.0012351027385668623,-0.032802312794645294,True,0.007452505141434228
2013-04-03,1983.219970703125,1117.0999755859375,-0.0014752428945048468,0.02825842275586532,-0.011985568863963514,-0.024021548467741294,-0.013115040262731692,True,0.007452505141434228
2013-04-08,1918.68994140625,1136.5,-0.004431250628647243,0.011480976054075942,0.001068462800520198,0.0009172976454627779,0.018585615846587134,True,0.007452505141434228
2013-04-16,1922.2099609375,1118.5999755859375,0.0009164569816313417,0.013224615566972409,0.0008479848278475366,-0.0018624167637449895,0.025517529211118273,True,0.007452505141434228
2013-04-23,1918.6300048828125,1118.699951171875,-0.003986924989917817,0.017740175460534413,0.008693731291852913,0.02362099319500155,0.026352103529479365,True,0.007452505141434228
2013-05-07,1954.3499755859375,1093.800048828125,-0.0036350128238925583,0.01957494318064157,0.0010745135785150683,0.007409103103147574,0.0024765092643457276,True,0.007452505141434228
2013-05-10,1944.75,1091.0999755859375,-0.017530097768489683,0.03304300892585754,0.002031084289433105,0.019375268651979694,-0.012376884581083658,True,0.007452505141434228
2013-05-14,1968.8299560546875,1112.199951171875,0.0103299663299663,0.025730795063509726,0.0012342628694084201,0.012697897003810965,-0.04373154488083475,True,0.007452505141434228
2013-05-21,1981.0899658203125,1116.5,-0.0006759824328310682,0.02094003742254369,0.006430798426208639,0.0025894860765136585,-0.04683275814187726,True,0.007452505141434228
2013-05-24,1973.449951171875,1127.699951171875,0.0021633310611890444,0.013116499780940316,0.0033038687033224434,0.013985709462690288,-0.08839339518221068,True,0.007452505141434228
2013-05-28,1986.219970703125,1121.4000244140625,0.003156613530749919,0.014658047374151773,0.0075419544107429015,0.001656432374574912,-0.10208840033939903,True,0.007452505141434228
2013-06-04,1989.510009765625,1118.800048828125,-3.0125366313082935e-05,0.010203204359480855,-0.015239967736049187,-0.0400098392042344,-0.08285958591651299,True,0.007452505141434228
2013-06-13,1882.72998046875,1127.199951171875,-0.014231064932129889,0.02743594590808529,0.0034577500933001826,-0.017124064825455254,-0.0027247693169124565,True,0.007452505141434228
2013-06-21,1822.8299560546875,1144.9000244140625,-0.01494741086180329,0.013544661082511622,-0.01306756354861438,0.022212708376820434,0.026650910560053642,True,0.007452505141434228
2013-06-24,1799.010009765625,1156.9000244140625,-0.01306756354861438,0.010481264515774136,-0.010216732971489728,0.03152843530343352,0.04521373721033917,True,0.007452505141434228
2013-07-02,1855.02001953125,1134.300048828125,-0.00038257771603211754,0.011052700012675887,-0.016366392293294063,-0.013299071538616869,0.03343900801272737,True,0.007452505141434228
2013-07-30,1917.050048828125,1111.4000244140625,0.009032119779240455,0.022541171634629098,-0.0015753472545466662,-0.005440678879152561,-0.01696879500707893,True,0.007452505141434228
2013-08-01,1920.739990234375,1122.5,0.0035056717161146,0.008263676249326446,0.0013744778896989107,-0.01914367364567815,0.0029259530939955702,True,0.007452505141434228
2013-10-22,2056.1201171875,1061.0,0.0015149012460149436,0.02009424565392237,-0.009907065748358868,-0.002120550927656395,-0.011905969079543888,True,0.007452505141434228
2013-11-05,2013.9300537109375,1061.5,-0.0055501464027573055,0.021164021164021163,-0.0001291056584342698,-0.009161228419125478,-0.0022692289391849085,True,0.007452505141434228
2013-11-12,1995.47998046875,1071.4000244140625,0.009194321140789663,0.023402425664964754,-0.015996112307527066,0.018120970660499003,-0.0010173137875320037,True,0.007452505141434228
2013-11-19,2031.6400146484375,1054.0,0.01035898739697716,0.01865279766010075,-0.007087881864029089,-0.0044299186544410896,-0.032436860831108416,True,0.007452505141434228
2014-01-07,1959.43994140625,1065.4000244140625,0.0031536246810408564,0.01100775768499651,-0.0002449579895802412,-0.006823375820129596,-0.026308500540627056,True,0.007452505141434228
2014-01-21,1963.8900146484375,1062.5,0.005174577076213049,0.02006530808749818,0.0033250483724487356,-0.02391170614811977,-0.016966361716208245,True,0.007452505141434228
2014-05-20,2011.260009765625,1021.7000122070312,-0.0019254269453278239,0.02187371327462584,-0.0014568249240330955,-0.006776848749854514,-0.009561160852092354,True,0.007452505141434228
2014-07-16,2013.47998046875,1025.9000244140625,0.00037760333115754996,0.007562376855938968,0.003685183869364783,0.007370307112195773,0.024276440504635843,True,0.007452505141434228
2014-08-01,2073.10009765625,1032.3900146484375,-0.001454645858998349,0.008587377170919064,0.0035308590390910055,-0.020259572665013104,-0.0025276108183580615,True,0.007452505141434228
2014-09-11,2034.1600341796875,1033.5,-0.007441106749596749,0.015325646145766925,0.003785322217767506,0.006675952642125171,-0.05257702021725008,True,0.007452505141434228
2014-09-16,2042.9200439453125,1037.4000244140625,0.003487586252012287,0.028044841455567848,0.009638195843698627,-0.0068578355805686275,-0.060741529389951365,True,0.007452505141434228
2014-09-19,2053.820068359375,1042.5999755859375,0.0029691651059196023,0.008707430546230466,-0.007084383414243223,-0.010799414248909955,-0.06745480833341355,True,0.007452505141434228
2014-09-23,2028.9100341796875,1039.800048828125,-0.0050802420730649,0.016621100154527335,0.00331704233079555,-0.004347195395946191,-0.04793707366376565,True,0.007452505141434228
2014-09-30,2020.0899658203125,1052.199951171875,-0.0032122815770501134,0.02553601478740264,-0.014132997658952817,-0.027147288857525376,-0.030275835801470974,True,0.007452505141434228
2014-10-02,1976.1600341796875,1061.800048828125,-0.007722669181209341,0.007495990351129134,-0.003931877680379947,-0.024770298151742032,-0.011734911685018834,True,0.007452505141434228
2014-10-14,1929.25,1065.5,0.001058545308424863,0.012928962135458688,-0.001731224994330649,-0.00724114070396531,0.017493844758325716,True,0.007452505141434228
2014-11-04,1935.18994140625,1081.5999755859375,-0.009104097637749997,0.028919354857439572,-0.001942903698941456,0.014370712661694096,0.015833078703464176,True,0.007452505141434228
2014-11-06,1936.47998046875,1088.5,0.0026146050425743805,0.010771636477814095,0.0017506066071577564,0.012409128697038252,0.025887179515627023,True,0.007452505141434228
2014-11-11,1963.0,1087.4000244140625,0.0024358832102591155,0.021608417392381396,0.0021752519262607795,0.0020427966202878345,0.004049898712111588,True,0.007452505141434228
2014-11-20,1958.0400390625,1113.0999755859375,-0.0044893440220289405,0.0115412130953354,0.0034728231405667387,0.012282653203214089,-0.030918693108791695,True,0.007452505141434228
2014-12-02,1965.8299560546875,1108.5999755859375,0.00031039036884217275,0.018465756165307656,0.0020754990086673253,0.0026044954200734605,-0.020037345817789376,True,0.007452505141434228
2014-12-08,1978.949951171875,1119.5999755859375,-0.003860851075779159,0.00852141244588478,-0.004042547915505734,-0.029606593024556926,-0.03754512675462773,True,0.007452505141434228
2014-12-18,1897.5,1098.9000244140625,-0.0013999000778036619,0.017971305617473288,0.017117249258893352,0.026698305233036956,0.01096709280303032,True,0.007452505141434228
2015-01-05,1915.75,1111.0,-0.005549065494586114,0.015910776154452355,-0.017382251769868184,0.00271431615392137,0.019277073580027393,True,0.007452505141434228
2015-01-30,1949.260009765625,1098.800048828125,-0.0009020972352953294,0.013279254970363308,0.0017545345044676086,0.0032114801177178798,0.025153149939586728,True,0.007452505141434228
2015-02-09,1947.0,1096.699951171875,-0.0043569073423713744,0.010969673495687227,-0.005721630533352617,0.005767837939779197,0.012116058459328505,True,0.007452505141434228
2015-02-23,1968.3900146484375,1109.0999755859375,0.0035382312316540876,0.008089460833535345,0.0039270573469814,0.01443821790083022,0.034647580339435935,True,0.007452505141434228
2015-03-09,1992.8199462890625,1108.81005859375,-0.009995328078756027,0.008109941745551463,-0.004039465167338774,-0.0027548852291439108,0.02690163128972345,True,0.007452505141434228
2015-03-11,1980.8299560546875,1124.8599853515625,-0.001985148625679556,0.010202052403738282,-0.005169545322694202,0.0240404255658746,0.03959454140483132,True,0.007452505141434228
2015-03-16,1987.3299560546875,1136.219970703125,0.0007754681823837206,0.011753976725530357,0.021425771797618953,0.024787031270548265,0.056150698820967015,True,0.007452505141434228
2015-03-20,2037.239990234375,1119.300048828125,-0.0003189693307245056,0.00847834835478567,-0.0003190711046211492,-0.008560572877937433,0.05215880813011142,True,0.007452505141434228
2015-05-08,2085.52001953125,1091.8900146484375,-0.0026207462786943525,0.012255805913337525,0.0056867654926255895,0.01005983173130387,-0.009748205691916367,True,0.007452505141434228
2015-05-12,2096.77001953125,1095.949951171875,-0.00029077387756393236,0.009347855854956455,0.00829365758578171,0.011484367813682894,-0.02167617370933017,True,0.007452505141434228
2015-05-27,2107.5,1105.8699951171875,-0.01679496151154658,0.009235678865788355,0.0016084899540331765,-0.02103918761120993,-0.010424659882858789,True,0.007452505141434228
2015-06-08,2065.18994140625,1122.300048828125,-0.0014071641180705141,0.009535034741232185,-0.000561649118136387,-0.01107403956345765,-0.00545228772417794,True,0.007452505141434228
2015-06-29,2060.489990234375,1120.9000244140625,-0.014242256653318464,0.009874482932767048,0.006653738189691838,-0.0031837371813701054,-0.010521735967355506,True,0.007452505141434228
2015-07-08,2016.2099609375,1132.9300537109375,-0.011802281863839581,0.007738695278843188,0.005753417491725976,0.028122046944709433,0.0067205544514938875,True,0.007452505141434228
2015-07-23,2065.070068359375,1155.530029296875,0.0001647130103412664,0.007559810313422677,-0.009253975307993878,-0.02229466194291274,-0.09152237735955682,True,0.007452505141434228
2015-07-31,2030.1600341796875,1170.77001953125,0.0055125504431889905,0.009223644898668226,-0.0106740570105196,-0.00981698653081331,-0.04367638139480012,True,0.007452505141434228
2015-08-12,1975.469970703125,1177.280029296875,-0.005627590956406636,0.017484101477925895,0.00404460222269587,-0.03083819181180314,-0.006762940236852755,True,0.007452505141434228
2015-08-24,1829.81005859375,1193.5699462890625,-0.024657869386382036,0.009335844941503746,0.009192181565549573,0.061033619919246496,0.07370710117357104,True,0.007452505141434228
2015-09-07,1883.219970703125,1199.510009765625,-0.0014952324982330234,0.008737566175912814,-0.002410720501488939,0.025615695980732323,0.06511188125909984,True,0.007452505141434228
2015-09-24,1947.0999755859375,1192.4100341796875,0.001264995535919189,0.008346436307570926,-0.0021827333230390877,0.015998163835777568,0.050100174644997164,True,0.007452505141434228
2015-10-19,2030.27001953125,1129.719970703125,4.930287538007505e-06,0.007742748999298721,0.004477220139620153,0.008772261040362439,-0.04297457932228366,True,0.007452505141434228
2015-10-22,2023.0,1138.0400390625,-0.009779821956045653,0.007587690316405604,0.00860109956206756,0.005516576460547373,-0.016851194177119333,True,0.007452505141434228
2015-10-29,2034.1600341796875,1143.5999755859375,-0.004088095307251738,0.008447783892428395,-0.0023056511767786114,0.007496891922683657,-0.0017107702492804577,True,0.007452505141434228
2015-11-09,2025.699951171875,1150.780029296875,-0.007530361781639239,0.01268967944242716,-0.01437033423174161,-0.04081548779857269,-0.0306214684907693,True,0.007452505141434228
2015-11-16,1943.02001953125,1168.3399658203125,-0.015339873476293953,0.00957430133348458,0.010581433189966516,0.03122969965860878,-0.007822911287272527,True,0.007452505141434228
2015-12-07,1963.6700439453125,1161.6400146484375,-0.005434552439257723,0.008131770295472185,-0.007450337661320416,-0.01825668103803313,-0.030218970887492702,True,0.007452505141434228
2015-12-08,1949.0400390625,1174.4100341796875,-0.007450337661320416,0.010993095425620991,-0.00041048352629524665,-0.008245119667785183,-0.016120779109507488,True,0.007452505141434228
2015-12-18,1975.3199462890625,1183.06005859375,-0.0013347159197227842,0.011119190823209113,0.0029716680217881652,-0.005700285524107618,-0.06574630877451926,True,0.007452505141434228
2016-01-05,1930.530029296875,1187.3599853515625,0.0061341801326617595,0.011285143781510909,-0.0026417489023959906,-0.02054878367251345,-0.012395587402312058,True,0.007452505141434228
2016-01-07,1904.3299560546875,1198.739990234375,-0.010958641481461862,0.008429251445420949,0.006978853123769557,-0.002268486233348077,0.006264698863244211,True,0.007452505141434228
2016-01-11,1894.8399658203125,1205.93994140625,-0.011879324034417382,0.008825510192098429,-0.002100430928491104,-0.008649814730576466,-0.017574004854492453,True,0.007452505141434228
2016-01-28,1906.93994140625,1206.6800537109375,0.004779013479530914,0.0082722172594063,0.002684991318459895,0.004887447243095755,0.021227780518987327,True,0.007452505141434228
2016-02-03,1890.6700439453125,1211.5,-0.008355151497224433,0.008776345095028892,0.013534866066271967,-0.015058202706818236,0.029328201052028158,True,0.007452505141434228
2016-02-12,1835.280029296875,1197.449951171875,-0.014106604861880867,0.007996969898124595,0.014668018746607059,0.04411313785641591,0.07464255484045013,True,0.007452505141434228
2016-03-09,1952.949951171875,1208.1800537109375,0.003509524629428773,0.00786657243873834,0.008387314213036401,0.011239444835243306,0.009406280537893164,True,0.007452505141434228
2016-03-21,1989.760009765625,1162.300048828125,-0.0011846602400191752,0.008284579334743025,0.0035431654036284232,-0.0036285635793712467,0.010855568249400038,True,0.007452505141434228
2016-03-24,1985.969970703125,1166.1500244140625,-0.004586202552456009,0.009828520181875078,-0.0010875854827806508,0.004974901447938107,0.014864282928104267,True,0.007452505141434228
2016-04-06,1971.3199462890625,1158.5,0.004371417557790247,0.008592841102208926,0.0013037296985773938,0.022629562241203827,-0.0017804759201669462,True,0.007452505141434228
2016-04-25,2014.550048828125,1147.6500244140625,-0.00046635875683054273,0.008258312685317293,0.00252163308508635,-0.018068562970295354,-0.02682486796192296,True,0.007452505141434228
2016-05-02,1978.1500244140625,1143.0,-0.008023468547558865,0.007936507936507908,0.004175623518783311,0.0009857448362404764,0.0023102121844453816,True,0.007452505141434228
2016-05-04,1976.7099609375,1149.97998046875,-0.0048832180039773965,0.012752074389035695,-0.004502381492289875,-0.0049172467864304625,0.004618788321622214,True,0.007452505141434228
2016-05-09,1967.81005859375,1167.3399658203125,-0.004502381492289875,0.015095902229955493,0.007465121616843318,5.080550610103707e-05,0.02226838210207016,True,0.007452505141434228
2016-05-19,1946.780029296875,1186.8499755859375,-0.0050849893808503355,0.011522777085408276,0.0004571726826059219,0.005280529460017114,0.0034004843986294997,True,0.007452505141434228
2016-05-31,1983.4000244140625,1198.449951171875,0.008270942688518135,0.011990670189465868,-0.0003428726946488325,0.022022754413108858,-0.013633174714963614,True,0.007452505141434228
2016-06-13,1979.06005859375,1169.47998046875,-0.019116461489827374,0.011485927917065597,-0.003552206142682812,0.0010408660992842211,0.004790142890098048,True,0.007452505141434228
2016-06-27,1926.8499755859375,1170.6099853515625,0.0008362517710669426,0.025717168160448445,0.004862856598027543,0.035524339782277314,0.0443573561958992,True,0.007452505141434228
2016-08-18,2055.469970703125,1104.5,0.005734542240061202,0.009570094442338029,0.00037461969390228944,-0.006105623987062936,-0.01447844541141352,True,0.007452505141434228
2016-08-22,2042.1600341796875,1117.3900146484375,-0.0068474283748769516,0.009422250197833826,0.0038047446482609715,-0.00480376583106068,0.003692128367019043,True,0.007452505141434228
2016-09-09,2037.8699951171875,1097.3900146484375,-0.01253070197957229,0.007889387798575065,-0.022763971577966058,-0.0009225342574928908,-0.011006616597074803,True,0.007452505141434228
2016-09-19,2015.780029296875,1124.9000244140625,0.008212650080833273,0.01574780496967043,0.0049260988283967855,0.015542348668676764,0.01222852893460824,True,0.007452505141434228
2016-09-30,2043.6300048828125,1101.6199951171875,-0.01212825620462532,0.009660189433423838,0.005495174034551464,0.006454232637536084,-0.017341722029861617,True,0.007452505141434228
2016-10-05,2053.0,1115.3599853515625,-0.0009052233848700908,0.010985819245559414,0.005991256126704814,-0.009386273517413501,-0.03607406653373113,True,0.007452505141434228
2016-10-12,2033.72998046875,1123.6800537109375,0.0008858212193501025,0.015416365752494388,-0.008993346824874182,0.0035451908595252046,-0.03705013758442521,True,0.007452505141434228
2016-10-21,2033.0,1130.22998046875,-0.0037243828662475442,0.009485441587815835,0.007250364109382623,-0.006679761955084795,-0.028735879953424748,True,0.007452505141434228
2016-10-28,2019.4200439453125,1146.52001953125,-0.0023219726020259346,0.00808038461278393,-0.005561053319606768,-0.018520180844097456,-0.022263858944360337,True,0.007452505141434228
2016-11-10,2002.5999755859375,1156.280029296875,0.02257987244195281,0.02519820218327351,-0.009073165932544147,-0.01101064966874421,0.014216504069813007,True,0.007452505141434228
2016-11-11,1984.4300537109375,1164.949951171875,-0.009073165932544147,0.007498116075110417,-0.0050543627265262625,-0.004963691029487349,0.020287884483519703,True,0.007452505141434228
2016-11-18,1974.5799560546875,1179.1500244140625,-0.003014360973594199,0.00862230541208997,-0.004319859117584479,-6.076994594195195e-05,0.034265532764181206,True,0.007452505141434228
2016-11-24,1971.260009765625,1180.8599853515625,-0.008395554121677695,0.011070809933815706,0.0016233024339875612,0.006336044039091604,0.032704955400982394,True,0.007452505141434228
2016-12-01,1983.75,1178.1300048828125,0.00013613423574176942,0.008793879112279468,-0.006623825909735315,0.023853785148865825,0.021529910995589097,True,0.007452505141434228
2016-12-15,2036.6500244140625,1179.1600341796875,-0.00010799447370346549,0.013381061041032982,0.002744686496601645,-0.0004517437626905263,0.019708842544013283,True,0.007452505141434228
2016-12-23,2035.9000244140625,1205.0999755859375,8.352971511160767e-05,0.00984623139932661,0.0009086770292023871,-0.004784120102939826,0.014779687341952119,True,0.007452505141434228
2017-01-09,2048.780029296875,1201.0999755859375,-0.0001659677672247728,0.017338175904784592,-0.0017864456541698548,0.007511734963273176,0.007955977994240415,True,0.007452505141434228
2017-01-19,2072.7900390625,1176.7900390625,0.001086673021314155,0.014447910262964214,-0.0034638972135703217,0.005210392092104943,0.005596251090087101,True,0.007452505141434228
2017-02-08,2065.080078125,1142.0999755859375,-0.004881377307924928,0.008289866755180508,0.00038729959964856064,0.009094092522516917,0.012580616482600782,True,0.007452505141434228
2017-02-20,2084.389892578125,1149.5999755859375,0.0018311308914187308,0.007466627983465868,0.008894707812830749,0.0005421859687331221,0.04509232680941544,True,0.007452505141434228
2017-03-03,2078.75,1149.9000244140625,-0.011366562886721998,0.009064891680093279,0.0012556139131087996,0.008947731885147414,0.03919662319603123,True,0.007452505141434228
2017-03-22,2168.300048828125,1122.780029296875,-0.004627215879060009,0.008107770412457915,0.002038427235838025,-0.0006088033619187083,-0.013789672006203513,True,0.007452505141434228
2017-04-19,2138.39990234375,1141.6800537109375,-0.0046824510471027425,0.008729461438919728,0.005027123312256743,0.03247296516931497,0.0810606508635916,True,0.007452505141434228
2017-05-24,2317.340087890625,1124.5699462890625,0.0024224599997866303,0.008781927138004297,0.011042765748420447,0.012963049782312774,0.02288400808063784,True,0.007452505141434228
2017-06-16,2361.830078125,1129.93994140625,7.629233319939033e-05,0.009866759094914412,0.0038401679709110237,0.007100434398974009,0.026788556940336106,True,0.007452505141434228
2017-07-31,2402.7099609375,1124.050048828125,0.0007163589644774149,0.007655726069454305,0.008427983539094575,-0.0016481227455164005,-0.015802977188436707,True,0.007452505141434228
2017-08-10,2359.469970703125,1138.22998046875,-0.003766238786507503,0.010798649071277255,-0.016851246364358863,-0.0004661443160038914,-0.006675227994237365,True,0.007452505141434228
2017-09-05,2326.6201171875,1132.1300048828125,-0.001300532390382747,0.011778948376675924,-0.0029227155640453306,0.01669797885294133,0.06367171481230116,True,0.007452505141434228
2017-09-28,2373.139892578125,1145.280029296875,0.0002401717135140924,0.007530490194920247,0.008988125053945861,0.04234062430268937,0.07788418993041524,True,0.007452505141434228
2018-02-05,2491.75,1090.010009765625,-0.013320672850156479,0.017578703028920284,-0.015426885283936986,-0.04268892031202964,-0.023545669459215435,True,0.007452505141434228
2018-02-08,2407.6201171875,1089.4200439453125,0.00461497242853981,0.009413889227577243,-0.01821304671082169,0.01462022638895144,0.03608122079838472,True,0.007452505141434228
2018-02-28,2427.360107421875,1079.3900146484375,-0.011717486142876377,0.009058674318856319,-0.010381729202621481,0.0023564574063961174,0.0037118554177750784,True,0.007452505141434228
2018-03-23,2416.760009765625,1079.9000244140625,-0.031754556912772625,0.014981826442526103,0.008407979392767828,0.01203681282919189,0.02464873140844137,True,0.007452505141434228
2018-04-09,2444.080078125,1070.4599609375,0.005968109522527021,0.008307850276332296,0.0027249156723556656,0.0054866909760429294,-4.095514592417082e-05,True,0.007452505141434228
2018-04-24,2464.139892578125,1080.1800537109375,-0.004029818565407073,0.00818549318325612,-0.006221170328254422,0.016829488848687735,-0.0013553791162829176,True,0.007452505141434228
2018-05-16,2459.820068359375,1078.8599853515625,0.0005206461056306289,0.009072496971248345,-0.00462233694803682,0.0025164204023990777,-0.03397812677442924,True,0.007452505141434228
2018-05-30,2409.030029296875,1083.9300537109375,-0.01962355100340829,0.010026379161747645,0.005803157411379489,0.025549722535459507,-0.03441225118666169,True,0.007452505141434228
2018-06-14,2423.47998046875,1084.699951171875,-0.018369063978146305,0.007729562284063629,-0.008021498656031745,-0.03534169996617165,-0.05711618127261231,True,0.007452505141434228
2018-06-18,2376.239990234375,1103.8199462890625,-0.011563887612689783,0.011963958051781187,-0.015204643874769719,-0.007726537511921983,-0.031246843881571285,True,0.007452505141434228
2018-07-12,2285.06005859375,1127.1700439453125,0.0019468132253983583,0.013131862175628672,0.011308168313922673,-0.001212230514831547,0.008161668343731554,True,0.007452505141434228
2018-08-03,2287.679931640625,1128.1500244140625,0.007699753697786305,0.008537501373645728,-0.0005157765403741577,-0.0021374898256060204,0.00845839375894375,True,0.007452505141434228
2018-08-13,2248.449951171875,1130.9000244140625,-0.015043033876531164,0.008031098991863717,0.004652076392471338,0.009611113385295411,0.015455091620735661,True,0.007452505141434228
2018-08-24,2293.2099609375,1126.1500244140625,0.004648148088727488,0.007740514017058109,0.0026557044467638846,0.012938161956557392,0.02004175880986958,True,0.007452505141434228
2018-09-11,2283.199951171875,1136.77001953125,-0.002385658484517994,0.008803340427064654,-0.00012264773250858507,0.011291183360284895,-0.06047645275811442,True,0.007452505141434228
2018-10-04,2274.489990234375,1125.4200439453125,-0.015189007948098077,0.011840902625590122,-0.00306441036586258,-0.04952314279761594,-0.07847473103892733,True,0.007452505141434228
2018-10-11,2129.669921875,1142.8499755859375,-0.04439546658133575,0.009228144601358679,0.015110405350007516,0.008752594252887214,-0.017392384933477945,True,0.007452505141434228
2018-10-19,2156.260009765625,1136.5999755859375,0.0037005604196067576,0.008428711033430014,0.0025275018537618266,-0.0598768166950312,-0.029616144218533424,True,0.007452505141434228
2018-11-12,2080.43994140625,1130.949951171875,-0.002708486329125015,0.010164621621483017,-0.00442692949418888,0.009671087728636785,-0.012809743657265282,True,0.007452505141434228
2018-11-22,2069.949951171875,1137.31005859375,-0.0031783956567648097,0.007896166241501135,-0.006024286092552789,0.02132908887936158,-0.004748826887727375,True,0.007452505141434228
2018-12-11,2052.969970703125,1131.5,-0.0003992951293839697,0.007838290915519686,0.014418183450638722,0.004452153148455151,0.011008489154134882,True,0.007452505141434228
2019-01-03,1993.699951171875,1122.1800537109375,-0.008109477028917955,0.007523796476422762,0.00830117331266278,0.0348999748352814,0.10590868819566523,True,0.007452505141434228
2019-02-07,2203.419921875,1121.6300048828125,-1.817099616507889e-05,0.00906837804137961,-0.011967702018612747,0.010179709985631336,-0.029944351421042015,True,0.007452505141434228
2019-03-04,2190.659912109375,1126.81005859375,-0.0021772535001860494,0.01050137500151882,-0.005217574657500834,-0.023992685565928595,-0.010216046173479487,True,0.007452505141434228
2019-04-25,2190.5,1155.260009765625,-0.004784137043436387,0.011611216957640114,-0.005108395985505609,0.0026569588492924012,-0.06467469613102028,True,0.007452505141434228
2019-05-14,2081.840087890625,1187.1800537109375,0.0013612623853211936,0.010864945494934997,0.005254938393147501,-0.009890331159626897,0.010236047704661466,True,0.007452505141434228
2019-08-05,1946.97998046875,1203.93994140625,-0.02559894716012856,0.007691936728394966,-0.015141388593863492,-0.0024088287775413386,0.009609734627572086,True,0.007452505141434228
2019-08-06,1917.5,1216.6500244140625,-0.015141388593863492,0.010557073962482288,-0.004062601857887871,0.004344175256681959,0.0370430400505215,True,0.007452505141434228
2020-01-06,2155.070068359375,1165.8499755859375,-0.009827836469323947,0.00751842975268513,0.009498517474519241,0.03442576763303551,0.004899986598191797,True,0.007452505141434228
2020-01-22,2267.25,1168.739990234375,0.012305300874122738,0.009649562845961412,-0.00931530143896786,-0.06538316914075426,-0.046051345069743066,True,0.007452505141434228
2020-01-28,2176.719970703125,1176.72998046875,-0.03090200288082323,0.011170976273004118,0.003932549298468091,-0.008646067759141118,-0.033587169808358075,True,0.007452505141434228
2020-01-31,2119.010009765625,1187.1199951171875,-0.013496271058833775,0.007673536092384081,-6.140931497511382e-05,0.04386007662914704,-0.062293240424381,True,0.007452505141434228
2020-02-21,2162.840087890625,1204.4000244140625,-0.014875842454736943,0.010937013144764807,-0.038745374333177596,-0.0812959215567729,-0.2758826539314344,True,0.007452505141434228
2020-02-25,2103.610107421875,1217.6500244140625,0.011817987098725835,0.009852629183325412,-0.012759060148992862,-0.04252693153174292,-0.23466332234148723,True,0.007452505141434228
2020-03-10,1962.9300537109375,1199.9599609375,0.004174421593412969,0.010322480651387078,-0.027846144632791225,-0.14798800994233763,-0.0709806637590551,True,0.007452505141434228
2020-03-13,1771.43994140625,1209.969970703125,-0.034285006599195755,0.017302950084687296,-0.031940092764179084,-0.11588872543385187,0.0503883917705763,True,0.007452505141434228
2020-03-17,1672.43994140625,1232.0400390625,-0.024736739038561217,0.017542112138938304,-0.048575729521303734,-0.037352594348229906,0.1104015815917343,True,0.007452505141434228
2020-03-19,1457.6400146484375,1255.3499755859375,-0.08393661426716004,0.01402271867180116,0.07444225506652002,0.15682882830372402,0.3134450276179013,True,0.007452505141434228
2020-03-31,1754.6400146484375,1222.699951171875,0.021850551876364088,0.00913640818108763,-0.039426921267835424,0.03930148655097043,0.10994850358748165,True,0.007452505141434228
2020-04-02,1724.8599853515625,1234.72998046875,0.023376422654470597,0.014852091612630236,0.0003362336999019888,0.06455595035630801,0.11821250776624836,True,0.007452505141434228
2020-04-22,1896.1500244140625,1230.8499755859375,0.008923165877938288,0.010467121135822044,0.009798779535089341,0.02711285157701271,0.051920971391647974,True,0.007452505141434228
2020-06-12,2132.300048828125,1204.760009765625,-0.020433842588641116,0.012624623577031313,-0.04759184927788851,0.004230183053368641,0.008418116944536091,True,0.007452505141434228
2021-02-26,3012.949951171875,1119.1300048828125,-0.027983440884097988,0.010765838789256854,0.010262422714190311,-0.005589154822651543,0.007663614817645437,True,0.007452505141434228
2021-03-03,3082.989990234375,1124.3299560546875,0.012852017839388497,0.020420573861111624,-0.012812237511350855,-0.04050284737946297,-0.0069964769356046785,True,0.007452505141434228
2021-03-09,2976.1201171875,1140.22998046875,-0.006671981174809383,0.011299426464732143,-0.006048142981880167,0.03059345762345922,0.05072374601605811,True,0.007452505141434228
2021-05-03,3127.199951171875,1116.760009765625,-0.0065632383730421795,0.00915392212222299,0.006449912487388687,0.02629508242283496,0.031027766312325067,True,0.007452505141434228
2021-05-13,3122.110107421875,1131.5999755859375,-0.01250919004160489,0.011956391217111673,0.009996431856553523,0.01098930315480029,0.04074486695235269,True,0.007452505141434228
2021-05-18,3173.050048828125,1135.510009765625,0.012292162454472733,0.008866916216339948,-0.0033942167206684193,-0.001456049263769521,0.033289699559422736,True,0.007452505141434228
2021-06-17,3264.9599609375,1131.949951171875,-0.004184602031665707,0.014264779134151029,0.0009096499616099152,0.00647485328202313,0.006511568294859105,True,0.007452505141434228
2021-07-20,3232.699951171875,1150.0699462890625,-0.003495668288330478,0.007507618299660512,-0.005193813009590764,-5.2563453944554084e-05,-0.02281994018792488,True,0.007452505141434228
2021-08-02,3223.0400390625,1150.9300537109375,0.006470299739195218,0.007713776688452079,0.004374706284978824,0.011597709727296124,-0.0073750307917874736,True,0.007452505141434228
2021-08-13,3171.2900390625,1162.06005859375,-0.011560303051609488,0.00798896925259629,-0.008892264922009896,-0.025566907197478894,-0.013694720793643866,True,0.007452505141434228
2021-08-18,3158.929931640625,1176.449951171875,0.005039576756334929,0.010261873054422388,-0.01934194643054088,-0.003836702082398058,-0.0017506020761919316,True,0.007452505141434228
2021-09-17,3140.510009765625,1174.4200439453125,0.003328952708202104,0.007895567767033596,-0.004117143903512033,-0.025549987099185656,-0.04277970687515065,True,0.007452505141434228
2021-09-29,3060.27001953125,1186.8900146484375,-0.012153284556484789,0.008437036127403763,0.002793887066682599,-0.03294155677451993,-0.029275223205417644,True,0.007452505141434228
2021-11-09,2962.4599609375,1199.8599853515625,0.0007634652398160746,0.01639981817159053,-0.010899738557911709,0.011730116341894137,0.009876930034985243,True,0.007452505141434228
2022-01-04,2989.239990234375,1194.6800537109375,0.003892360845209497,0.009301586892346503,-0.01179899226775849,-0.020694259284623318,-0.07994673604310121,True,0.007452505141434228
2022-02-25,2676.760009765625,1206.0,0.010555708404592412,0.011405547892889834,0.008375768389099258,-0.009507744840413723,0.02402533598795853,True,0.007452505141434228
2022-03-07,2651.31005859375,1216.7099609375,-0.022893487066870888,0.008888938374224553,-0.010904102353586631,-0.011232194137516416,0.04069304992391176,True,0.007452505141434228
2022-03-08,2622.39990234375,1232.300048828125,-0.010904102353586631,0.012813314915752327,0.022086702323264706,0.014044417135648635,0.04294925684387896,True,0.007452505141434228
2022-03-22,2710.0,1219.780029296875,0.00891642029616091,0.007774510453538053,0.009243560453182642,0.011464969874308117,0.003280403165359713,True,0.007452505141434228
2022-04-27,2639.06005859375,1260.7099609375,-0.01096199443006829,0.00920581836488843,0.010772749012682326,0.014592320337774245,-0.0003827157181724994,True,0.007452505141434228
2022-05-13,2604.239990234375,1290.75,0.021238514262343244,0.009857978598180273,-0.002941323433362064,0.013458839799541877,-0.042726484482421334,True,0.007452505141434228
2022-05-23,2647.3798828125,1273.2099609375,0.0030651590504520154,0.007645056971296027,-0.015679565254118843,0.008415879202498644,-0.11504575757944635,True,0.007452505141434228
2022-06-02,2658.989990234375,1246.949951171875,-0.010018955690006548,0.008720408069554653,0.0043850906367448594,-0.02373828907919706,-0.13297156802316878,True,0.007452505141434228
2022-06-07,2626.340087890625,1254.47998046875,-0.01659139762731121,0.01099256553960215,-7.241466851604095e-05,-0.05078173912146222,-0.10834851887833674,True,0.007452505141434228
2022-06-13,2504.510009765625,1278.280029296875,-0.03519440622894465,0.011281474616923637,-0.004607703310229527,-0.045310252315329924,-0.06557769367819166,True,0.007452505141434228
2022-06-14,2492.969970703125,1291.800048828125,-0.004607703310229527,0.010576727494277405,-0.018287459707252984,-0.033710810820074655,-0.07028161710591452,True,0.007452505141434228
2022-06-17,2440.929931640625,1288.1800537109375,-0.004275082848030243,0.007839409200179448,-0.020442988427042064,-0.03045144107615394,-0.04504428814061623,True,0.007452505141434228
2022-06-30,2332.639892578125,1301.72998046875,-0.01907076894456583,0.007507527651778867,-0.011669169677553826,0.0006988335226159048,0.04399741566611648,True,0.007452505141434228
2022-07-04,2300.340087890625,1297.8900146484375,-0.0022034311129937034,0.007905548624882908,0.018014702097484125,0.017358273174833183,0.06603802320754837,True,0.007452505141434228
2022-07-06,2292.010009765625,1308.6600341796875,-0.02125307198310744,0.010017890166306387,0.018437969112511166,0.015968559255983727,0.07392635315042817,True,0.007452505141434228
2022-07-12,2317.760009765625,1310.8599853515625,-0.009618552379752177,0.01319375306168813,0.00468128607385343,0.022957493749700353,0.08012043973036409,True,0.007452505141434228
2022-07-15,2330.97998046875,1316.1800537109375,0.0037289916352887253,0.008683050417280569,0.018992020481594762,0.026666857986860526,0.08449663342792513,True,0.007452505141434228
2022-08-12,2527.93994140625,1306.8299560546875,0.001648286324911652,0.007812142565176705,0.002207361825967924,-0.025886667770218863,-0.046092874922666005,True,0.007452505141434228
2022-08-19,2492.68994140625,1326.9100341796875,-0.006124322530585813,0.00918755925005521,-0.012111390552335788,-0.004677642379700475,-0.05008237955161465,True,0.007452505141434228
2022-09-02,2409.409912109375,1355.0999755859375,-0.0025667202225434504,0.009565930391202349,-0.0023781675504661592,0.016655583075107394,-0.08059647319880159,True,0.007452505141434228
2022-09-07,2376.4599609375,1378.1099853515625,-0.01392521984123496,0.011969310003954847,0.0032906375398347176,0.002659446598410886,-0.07759015325694119,True,0.007452505141434228
2022-09-14,2411.419921875,1393.469970703125,-0.01556215313063003,0.012836010319204672,-0.003976845203527812,-0.026627448979343882,-0.0824700298951846,True,0.007452505141434228
2022-09-26,2220.93994140625,1421.81005859375,-0.030157230826965087,0.01293049881887498,0.0013148334005719242,-0.005205029806627959,0.01288648857806507,True,0.007452505141434228
2022-10-11,2192.070068359375,1428.3499755859375,-0.018259265297303817,0.014129024888321462,0.0047443293414126675,0.026404212003961813,0.09441758896786956,True,0.007452505141434228
2022-10-25,2235.070068359375,1443.9599609375,-0.00048737290392253385,0.011098567861379083,0.006483013861400488,0.04480839494095323,0.07614971610120835,True,0.007452505141434228
2022-11-15,2480.330078125,1324.0799560546875,0.0022953452025153975,0.008415593330892701,-0.0011611869639955863,-0.030262124890446662,-0.043514440571087,True,0.007452505141434228
2022-11-17,2442.89990234375,1336.4300537109375,-0.013945811019020704,0.015323753510451121,0.0006468042851384137,-0.0006426068531272255,-0.03353798146294096,True,0.007452505141434228
2022-11-22,2405.27001953125,1359.75,-0.005881372378073957,0.015473865596580483,0.005296698553976853,0.011690942313559827,-0.029925945895578843,True,0.007452505141434228
2022-11-28,2408.27001953125,1334.56005859375,-0.012137730052901863,0.012649040329635985,0.010430671329689334,0.004588376194740729,-0.037840493887335236,True,0.007452505141434228
2022-12-02,2434.330078125,1303.25,-0.01835199373857055,0.018323136644155857,-0.006165971451655428,-0.01860472393184409,-0.08571563820577566,True,0.007452505141434228
2022-12-07,2382.81005859375,1319.7099609375,-0.0043247647026238845,0.011760440578774789,-0.00492275094544159,0.0068993923149511804,-0.04958857539813055,True,0.007452505141434228
2022-12-16,2360.02001953125,1317.0999755859375,-0.0004023563127285579,0.016531798736618253,-0.0033262843498290673,-0.019631222507257462,0.016881249972844792,True,0.007452505141434228
2023-02-06,2438.18994140625,1246.75,-0.017017401467245397,0.017838170585709356,0.005545105121486982,0.005951140031877911,0.010319194506843266,True,0.007452505141434228
2023-02-07,2451.7099609375,1261.22998046875,0.005545105121486982,0.011614181246240252,0.013023535470898517,0.005681720865260198,-0.00807601598214891,True,0.007452505141434228
2023-02-16,2475.47998046875,1283.719970703125,0.01959721571678852,0.009015500650913832,-0.00980416716060628,-0.014700136080775028,-0.03223214879216729,True,0.007452505141434228
2023-02-22,2417.679931640625,1305.8299560546875,-0.016787597176302405,0.007499340961013123,0.008855661979818574,0.004206580814327898,0.002812634021208238,True,0.007452505141434228
2023-02-27,2402.639892578125,1313.699951171875,-0.008652470452872096,0.012033153307953404,0.004249577770545132,0.02526812497605735,0.013443566357114634,True,0.007452505141434228
2023-03-08,2431.909912109375,1317.9000244140625,-0.012763181967836656,0.014549672374182032,-0.005271504571331076,-0.02146047480886404,0.02602894478653628,True,0.007452505141434228
2023-03-30,2453.159912109375,1307.1300048828125,0.0037808072808236393,0.007825891352921444,0.00966108862105175,0.002474387555989166,0.017385799545249325,True,0.007452505141434228
2023-04-18,2571.090087890625,1316.0699462890625,-0.0018711152110141294,0.009736179286708557,0.0015518671450553967,-0.03192033944897943,-0.02166014555816842,True,0.007452505141434228
2023-04-20,2563.110107421875,1326.760009765625,-0.004648387754931815,0.008252895470838073,-0.00729980542932851,-0.026257182098126552,-0.002352622027205986,True,0.007452505141434228
2023-05-12,2475.419921875,1329.8800048828125,-0.006254547621437179,0.008975346622994707,0.001587680436163419,0.025195772497563995,0.06565755888955072,True,0.007452505141434228
2023-05-15,2479.35009765625,1341.52001953125,0.001587680436163419,0.0087526803965019,0.00035892171055884603,0.0313509498082698,0.05635750296048858,True,0.007452505141434228
2023-05-26,2558.81005859375,1330.8900146484375,0.0016127660428459922,0.009381727189538669,0.010438430491467976,0.022119599430811432,0.00882434939183585,True,0.007452505141434228
2023-06-23,2570.10009765625,1298.2099609375,-0.009098914276866266,0.007629702430519858,0.0047079308415494125,-0.0022645298386170243,0.015431271391157964,True,0.007452505141434228
2023-06-29,2550.02001953125,1309.010009765625,-0.005526081218160006,0.00957121272046857,0.005592116789830737,0.00245881188509367,0.021093967361239807,True,0.007452505141434228
2023-06-30,2564.280029296875,1323.0699462890625,0.005592116789830737,0.010740893055473988,0.014893046379463426,-0.014651312621920098,0.017174426567825307,True,0.007452505141434228
2023-07-21,2609.760009765625,1278.4000244140625,0.0036650716930650695,0.010521037201587147,0.007192239692927149,-0.0005517524220088887,-0.038685534516473385,True,0.007452505141434228
2023-08-02,2616.469970703125,1289.050048828125,-0.018972166594549256,0.008701567886987727,-0.004234743088613602,-0.004337849714581288,-0.023008080293655087,True,0.007452505141434228
2023-08-14,2570.8701171875,1329.6099853515625,-0.007868717342637166,0.008556302043406738,-0.017593352657915062,-0.021444150983962018,-0.0133379118739817,True,0.007452505141434228
2023-09-06,2563.340087890625,1331.72998046875,-0.007296100290745344,0.010455654468989772,-0.005882979865309057,-0.011172975780329608,-0.044184542777086944,True,0.007452505141434228
2023-09-27,2465.070068359375,1353.75,0.0008526688027992169,0.011431169925127938,-0.024088616269088647,-0.006080959087849225,-0.06633077569046508,True,0.007452505141434228
2023-10-13,2456.14990234375,1348.3399658203125,-0.009545114307944469,0.0075321357442734715,-0.00810614697839751,-0.0330394746128132,-0.018927993845169078,True,0.007452505141434228
2023-11-28,2521.760009765625,1302.530029296875,0.010458194856441727,0.009877569099258299,-0.0007732500968862244,-0.010897143408703625,0.03637935008847304,True,0.007452505141434228
2023-12-19,2568.550048828125,1302.9300537109375,0.000658369110713819,0.020729107315573758,0.017811605431193644,0.017500126654095283,-0.03730122316964868,True,0.007452505141434228
2024-01-03,2607.31005859375,1307.6199951171875,-0.02340990506003271,0.01088482430346116,-0.007781981661760362,-0.025056505232153192,-0.042273442063339384,True,0.007452505141434228
2024-01-17,2435.89990234375,1337.7900390625,-0.0246998840386079,0.01370003914508322,0.0016996333530645558,0.013871686201057942,0.08738458719796638,True,0.007452505141434228
2024-02-14,2620.419921875,1340.7900390625,-0.01102790261611497,0.00925106440534429,-0.00252626420353963,0.012551475602893492,0.03752836981191132,True,0.007452505141434228
2024-04-02,2753.159912109375,1355.530029296875,0.0019287025104317568,0.007596739976662326,-0.01677706449345362,-0.01743451217231473,-0.02524735648659393,True,0.007452505141434228
2024-04-15,2670.429931640625,1379.6099853515625,-0.004247166636245692,0.00860482207375135,-0.022767887712661805,-0.015349584630064417,0.03092014037928581,True,0.007452505141434228
2024-06-10,2701.169921875,1379.050048828125,-0.007896660490227081,0.010108074585698512,0.0015364255505607716,0.015893178520013374,0.0579712096682643,True,0.007452505141434228
2024-06-21,2784.260009765625,1391.8199462890625,-0.008323701492828017,0.007725389484409373,-0.007014441621247536,0.004870255847582161,0.004022595279389085,True,0.007452505141434228
2024-08-06,2522.14990234375,1367.4000244140625,0.03301175560759462,0.007537729346730471,0.01834149894208781,0.03939103602205685,0.023254028806881433,True,0.007452505141434228
2024-08-29,2662.280029296875,1336.68994140625,-0.010242300824938821,0.007788199409491048,0.004518694188624606,-0.032596131264145844,-0.03778343629659109,True,0.007452505141434228
2024-09-26,2671.570068359375,1335.050048828125,0.028983329488937226,0.007668586876913963,-0.008156267103217485,-0.022904203888035157,-0.02012674874901199,True,0.007452505141434228
2024-10-02,2561.68994140625,1324.8399658203125,-0.012177705324611043,0.011868873758995369,0.0031307534146178817,0.013748725063811085,-0.007545735208595805,True,0.007452505141434228
2024-10-07,2610.3798828125,1345.8800048828125,0.015826658452988474,0.008595536910943613,-0.006136951750242869,0.00883782031545488,-0.012833381156732715,True,0.007452505141434228
2024-10-28,2612.429931640625,1387.6600341796875,0.011287984565649944,0.008239427119545173,0.0020556023809326085,-0.008980130204972459,-0.02989165098906943,True,0.007452505141434228
2024-11-07,2564.6298828125,1399.800048828125,0.0004368514429859971,0.01582006446162909,-0.0013569133277561152,-0.056838523315795864,-0.04787427066146621,True,0.007452505141434228
2024-11-11,2531.659912109375,1397.199951171875,-0.011514355410196075,0.018307967408414116,-0.019390378429264832,-0.024722848219313254,-0.06757615158579167,True,0.007452505141434228
2024-12-04,2464.0,1411.6700439453125,-0.014439460920021796,0.007572826936635302,-0.00898940841872975,-0.008721586945769078,0.009999956403459853,True,0.007452505141434228
2024-12-09,2360.580078125,1424.219970703125,-0.027831706489902297,0.017307252650208937,0.02425675379379899,0.054389128234999085,0.0683390602647489,True,0.007452505141434228
2024-12-19,2435.929931640625,1451.5,-0.019521580939886873,0.010498291302917462,-0.013046364299760804,-0.012791793271487273,0.03370380099601422,True,0.007452505141434228
2024-12-26,2429.669921875,1457.6099853515625,-0.00444581383042042,0.0103348129786629,-0.010248265461727635,0.024270774467017864,0.03609551837593683,True,0.007452505141434228
2025-01-13,2489.56005859375,1472.25,-0.01042220321243792,0.011695759268076422,0.003149088017755375,0.012247139862774592,0.04076623493538145,True,0.007452505141434228
2025-01-17,2523.550048828125,1453.3199462890625,-0.0015588356121974956,0.011202165231576133,-0.0013869350447894835,0.00525053981241741,0.05171683035421881,True,0.007452505141434228
2025-02-03,2453.949951171875,1456.780029296875,-0.025193024093922434,0.010487906135090208,0.011304220047816393,0.027433350190058547,0.03055073338693126,True,0.007452505141434228
2025-02-28,2532.780029296875,1449.8599853515625,-0.033935337352198,0.010763891282349336,-0.0015240594829495357,0.014849241878968522,-0.020396525364153484,True,0.007452505141434228
2025-03-21,2643.1298828125,1465.8199462890625,0.0022865211531444274,0.015539758078545463,-0.0041843628362887575,-0.03221555735775794,-0.059206318710247174,True,0.007452505141434228
2025-04-08,2334.22998046875,1469.949951171875,0.002589996316183951,0.007836664212739652,-0.017363340217546153,0.061339256559403976,0.11746483581330258,True,0.007452505141434228
2025-04-09,2293.699951171875,1486.1300048828125,-0.017363340217546153,0.011007214019796097,0.06598949759951966,0.06702270730319704,0.15122732901933422,True,0.007452505141434228
2025-05-08,2579.47998046875,1397.2900390625,0.0022068270778108356,0.016380935873862468,-0.000856746690896304,0.01623587981695218,0.10711075145165183,True,0.007452505141434228
2025-05-13,2608.419921875,1416.030029296875,0.00041799224392180534,0.014951571990876378,0.012325525585337838,-0.0025378862472865693,0.11946316803081358,True,0.007452505141434228
2025-06-02,2698.969970703125,1381.989990234375,0.0004819154551056748,0.00844999362662957,0.026628720574011,0.07709239844012394,0.13934578449298107,True,0.007452505141434228
2025-06-16,2946.659912109375,1365.1400146484375,0.01797810863431648,0.011372120953417886,0.0012353433471541386,0.02301251607458421,0.08666426557678064,True,0.007452505141434228
2025-06-18,2972.18994140625,1380.5,0.007419547915751723,0.016733174897918035,0.0018673264285051783,0.0457777131596695,0.07206468820256795,True,0.007452505141434228
2025-06-30,3071.699951171875,1363.5899658203125,0.0051571726106542926,0.008005822153601239,0.005843653825962747,-0.003981502315707708,0.04486768582549727,True,0.007452505141434228
2025-07-08,3114.949951171875,1374.6400146484375,0.01813385357595121,0.009132332933840193,0.00603221218865202,0.032209210323669746,0.02666176026259448,True,0.007452505141434228
2025-07-28,3209.52001953125,1382.780029296875,0.004214568137962615,0.007857164210550271,0.006558628299567104,-0.019245874509382754,-0.009397016353174137,True,0.007452505141434228
2025-09-25,3471.110107421875,1403.6500244140625,-0.00029658515731212365,0.008477960293929998,-0.0245051456051123,0.022499964304973474,0.17740139785240427,True,0.007452505141434228
2025-10-10,3610.60009765625,1421.510009765625,0.017296845606320277,0.01404607170035388,-0.0072148806634760865,0.03830105555351948,0.09504234831548652,True,0.007452505141434228
2025-10-22,3883.679931640625,1430.739990234375,0.015649149120932515,0.007747897555653083,-0.009815400269293506,0.05084609807680662,0.011800683612369633,True,0.007452505141434228
2025-11-05,4004.419921875,1439.81005859375,-0.028463781274122413,0.007585945200297761,0.005501428353338111,0.03645227465939738,0.007961234729398026,True,0.007452505141434228
2025-11-18,3953.6201171875,1461.68994140625,-0.03316742258666017,0.010480191770884995,-0.006098235719982692,-0.024241096779627602,0.011510910071292901,True,0.007452505141434228
2026-02-02,4949.669921875,1448.800048828125,-0.052578679224774216,0.014026175792663409,0.0683702472268708,0.07038249472917024,0.12833182926102626,True,0.007452505141434228
2026-02-05,5163.56982421875,1460.1099853515625,-0.03863831797289696,0.009283276980404542,-0.014414385790020967,0.06946748228911015,0.08644801683519154,True,0.007452505141434228
2026-03-03,5791.91015625,1452.27001953125,-0.07242317745620142,0.013928503400288061,-0.12057682152301596,-0.04477284790410119,-0.12766948646718312,True,0.007452505141434228
2026-03-04,5093.5400390625,1483.0699462890625,-0.12057682152301596,0.021208126824620255,0.09627093524752262,0.10138531400354878,0.07561738070108337,True,0.007452505141434228
2026-03-06,5584.8701171875,1479.510009765625,0.0001737521912494877,0.012842724467311273,-0.059625379464992134,-0.017481137567021077,-0.0371665424879265,True,0.007452505141434228
2026-03-16,5549.85009765625,1501.75,0.011410082410649336,0.021195749212396642,0.016330149682920903,-0.025964682851002507,0.046626488099296814,True,0.007452505141434228
2026-03-19,5763.22021484375,1505.25,-0.027309494834587222,0.013725110581956468,0.003119780226762847,-0.052533174617631406,0.0803074622503035,True,0.007452505141434228
2026-03-23,5405.75,1504.2099609375,-0.06494329596420512,0.009645327986133934,0.0274096881792536,-0.02376177131989088,0.1504582793784397,True,0.007452505141434228
2026-03-25,5642.2099609375,1497.31005859375,0.015896887298420648,0.008045237087330737,-0.032212555232489226,-0.028979737861054677,0.13748517340089506,True,0.007452505141434228
2026-04-22,6417.93017578125,1485.800048828125,0.004611426514762318,0.011257394166154677,0.00901846564659059,0.04253236153808282,0.2227789561425393,True,0.007452505141434228
2026-04-30,6598.8701171875,1487.3800048828125,-0.013754470474743319,0.010455244091698734,0.05123909262993798,0.18539084653312,0.3337874633189897,True,0.007452505141434228
2026-05-12,7643.14990234375,1474.449951171875,-0.02289501813613881,0.009516895607173836,0.026279723130859578,-0.0486042732172286,,True,0.007452505141434228
2026-05-13,7844.009765625,1492.989990234375,0.026279723130859578,0.012574207112126423,0.017516601168337864,-0.08096108868904495,,True,0.007452505141434228
2026-05-20,7208.9501953125,1507.8499755859375,-0.008623884998750997,0.010406635209489368,0.08415090020069171,0.13543439991926265,,True,0.007452505141434228
2026-06-01,8788.3798828125,1506.8399658203125,0.03683623789082824,0.0077242049743433405,0.0014917825284430641,-0.0786777217475002,,True,0.007452505141434228
2026-06-04,8639.41015625,1530.1099853515625,-0.01841507219902172,0.01246631348258731,-0.05542280130705535,,,True,0.007452505141434228
2026-06-08,7484.41015625,1554.47998046875,-0.08285916832566576,0.013965464675315342,0.08183945117168023,,,True,0.007452505141434228
